<?xml version="1.0" encoding="UTF-8"?>
<GenRun Id="final_design_Debounce_Switch_2_1_synth_1" LaunchPart="xc7z020clg400-1" LaunchTime="1638883470">
  <File Type="PA-TCL" Name="final_design_Debounce_Switch_2_1.tcl"/>
  <File Type="REPORTS-TCL" Name="final_design_Debounce_Switch_2_1_reports.tcl"/>
  <File Type="RDS-RDS" Name="final_design_Debounce_Switch_2_1.vds"/>
  <File Type="RDS-UTIL" Name="final_design_Debounce_Switch_2_1_utilization_synth.rpt"/>
  <File Type="RDS-UTIL-PB" Name="final_design_Debounce_Switch_2_1_utilization_synth.pb"/>
  <File Type="RDS-DCP" Name="final_design_Debounce_Switch_2_1.dcp"/>
  <FileSet Name="sources" Type="BlockSrcs" RelSrcDir="$PSRCDIR/final_design_Debounce_Switch_2_1">
    <File Path="$PSRCDIR/sources_1/bd/final_design/ip/final_design_Debounce_Switch_2_1/final_design_Debounce_Switch_2_1.xci">
      <FileInfo>
        <Attr Name="ImportPath" Val="$PPRDIR/fin_project.srcs/sources_1/bd/final_design/ip/final_design_Debounce_Switch_2_1/final_design_Debounce_Switch_2_1.xci"/>
        <Attr Name="ImportTime" Val="0"/>
        <Attr Name="UsedIn" Val="synthesis"/>
        <Attr Name="UsedIn" Val="implementation"/>
        <Attr Name="UsedIn" Val="simulation"/>
      </FileInfo>
    </File>
    <Config>
      <Option Name="TopModule" Val="final_design_Debounce_Switch_2_1"/>
      <Option Name="UseBlackboxStub" Val="1"/>
    </Config>
  </FileSet>
  <FileSet Name="constrs_in" Type="BlockSrcs" RelSrcDir="$PSRCDIR/final_design_Debounce_Switch_2_1">
    <File Path="$PSRCDIR/sources_1/bd/final_design/ip/final_design_Debounce_Switch_2_1/final_design_Debounce_Switch_2_1.xci">
      <FileInfo>
        <Attr Name="ImportPath" Val="$PPRDIR/fin_project.srcs/sources_1/bd/final_design/ip/final_design_Debounce_Switch_2_1/final_design_Debounce_Switch_2_1.xci"/>
        <Attr Name="ImportTime" Val="0"/>
        <Attr Name="UsedIn" Val="synthesis"/>
        <Attr Name="UsedIn" Val="implementation"/>
        <Attr Name="UsedIn" Val="simulation"/>
      </FileInfo>
    </File>
    <Config>
      <Option Name="TopModule" Val="final_design_Debounce_Switch_2_1"/>
      <Option Name="UseBlackboxStub" Val="1"/>
    </Config>
  </FileSet>
  <FileSet Name="utils" Type="Utils" RelSrcDir="$PSRCDIR/utils_1">
    <Filter Type="Utils"/>
    <Config>
      <Option Name="TopAutoSet" Val="TRUE"/>
    </Config>
  </FileSet>
  <Strategy Version="1" Minor="2">
    <StratHandle Name="Vivado Synthesis Defaults" Flow="Vivado Synthesis 2020"/>
    <Step Id="synth_design"/>
  </Strategy>
</GenRun>
