<?xml version="1.0"?>
<Runs Version="1" Minor="0">
	<Run Id="final_design_VGA_pattern_0_0_synth_1" LaunchDir="C:/Users/Ubuntu/VivadoProjects/fin_project_3.5.runs/final_design_VGA_pattern_0_0_synth_1" FlowId="Vivado_Synthesis" FromStepId="vivado" ToStepId="vivado"/>
	<Run Id="final_design_num_capture_4bit_0_0_synth_1" LaunchDir="C:/Users/Ubuntu/VivadoProjects/fin_project_3.5.runs/final_design_num_capture_4bit_0_0_synth_1" FlowId="Vivado_Synthesis" FromStepId="vivado" ToStepId="vivado"/>
	<Run Id="synth_1" LaunchDir="C:/Users/Ubuntu/VivadoProjects/fin_project_3.5.runs/synth_1" FlowId="Vivado_Synthesis" FromStepId="vivado" ToStepId="vivado">
		<Parent Id="final_design_VGA_pattern_0_0_synth_1"/>
		<Parent Id="final_design_num_capture_4bit_0_0_synth_1"/>
	</Run>
	<Run Id="impl_1" LaunchDir="C:/Users/Ubuntu/VivadoProjects/fin_project_3.5.runs/impl_1" FlowId="Vivado_Implementation" FromStepId="init_design" ToStepId="route_design">
		<Parent Id="synth_1"/>
		<Parent Id="final_design_VGA_pattern_0_0_synth_1"/>
		<Parent Id="final_design_num_capture_4bit_0_0_synth_1"/>
	</Run>
	<Parameters>
		<Parameter Name="runs.monitorLSFJobs" Val="true" Type="bool"/>
		<Parameter Name="runs.enableClusterConf" Val="true" Type="bool"/>
	</Parameters>
</Runs>

