<?xml version="1.0" encoding="UTF-8"?>
<GenRun Id="synth_1" LaunchPart="xc7z020clg400-1" LaunchTime="1639148016">
  <File Type="PA-TCL" Name="final_design_wrapper.tcl"/>
  <File Type="RDS-PROPCONSTRS" Name="final_design_wrapper_drc_synth.rpt"/>
  <File Type="REPORTS-TCL" Name="final_design_wrapper_reports.tcl"/>
  <File Type="RDS-RDS" Name="final_design_wrapper.vds"/>
  <File Type="RDS-UTIL" Name="final_design_wrapper_utilization_synth.rpt"/>
  <File Type="RDS-UTIL-PB" Name="final_design_wrapper_utilization_synth.pb"/>
  <File Type="RDS-DCP" Name="final_design_wrapper.dcp"/>
  <File Type="VDS-TIMINGSUMMARY" Name="final_design_wrapper_timing_summary_synth.rpt"/>
  <File Type="VDS-TIMING-PB" Name="final_design_wrapper_timing_summary_synth.pb"/>
  <FileSet Name="sources" Type="DesignSrcs" RelSrcDir="$PSRCDIR/sources_1">
    <Filter Type="Srcs"/>
    <File Path="$PSRCDIR/sources_1/imports/VivadoProjects/project_4th.srcs/sources_1/new/Debounce_Switch.v">
      <FileInfo>
        <Attr Name="ImportPath" Val="$PPRDIR/project_4th.srcs/sources_1/new/Debounce_Switch.v"/>
        <Attr Name="ImportTime" Val="1636732595"/>
        <Attr Name="UsedIn" Val="synthesis"/>
        <Attr Name="UsedIn" Val="implementation"/>
        <Attr Name="UsedIn" Val="simulation"/>
      </FileInfo>
    </File>
    <File Path="$PSRCDIR/sources_1/imports/VivadoProjects/project_4th.srcs/sources_1/new/num_capture_4bit.v">
      <FileInfo>
        <Attr Name="ImportPath" Val="$PPRDIR/project_4th.srcs/sources_1/new/num_capture_4bit.v"/>
        <Attr Name="ImportTime" Val="1637910377"/>
        <Attr Name="UsedIn" Val="synthesis"/>
        <Attr Name="UsedIn" Val="implementation"/>
        <Attr Name="UsedIn" Val="simulation"/>
      </FileInfo>
    </File>
    <File Path="$PSRCDIR/sources_1/imports/VivadoProjects/project_3rd_lab.srcs/sources_1/imports/Downloads/AsciiCharsMem.v">
      <FileInfo>
        <Attr Name="ImportPath" Val="$PPRDIR/project_3rd_lab.srcs/sources_1/imports/Downloads/AsciiCharsMem.v"/>
        <Attr Name="ImportTime" Val="1636704269"/>
        <Attr Name="UsedIn" Val="synthesis"/>
        <Attr Name="UsedIn" Val="implementation"/>
        <Attr Name="UsedIn" Val="simulation"/>
      </FileInfo>
    </File>
    <File Path="$PSRCDIR/sources_1/imports/VivadoProjects/project_3rd_lab.srcs/sources_1/new/ScreenBufferMem_ex_2.v">
      <FileInfo>
        <Attr Name="ImportPath" Val="$PPRDIR/project_3rd_lab.srcs/sources_1/new/ScreenBufferMem_ex_2.v"/>
        <Attr Name="ImportTime" Val="1636705843"/>
        <Attr Name="UsedIn" Val="synthesis"/>
        <Attr Name="UsedIn" Val="implementation"/>
        <Attr Name="UsedIn" Val="simulation"/>
      </FileInfo>
    </File>
    <File Path="$PSRCDIR/sources_1/imports/VivadoProjects/project_3rd_lab.srcs/sources_1/imports/new/VGA_timings.v">
      <FileInfo>
        <Attr Name="ImportPath" Val="$PPRDIR/project_3rd_lab.srcs/sources_1/imports/new/VGA_timings.v"/>
        <Attr Name="ImportTime" Val="1635450483"/>
        <Attr Name="UsedIn" Val="synthesis"/>
        <Attr Name="UsedIn" Val="implementation"/>
        <Attr Name="UsedIn" Val="simulation"/>
      </FileInfo>
    </File>
    <File Path="$PSRCDIR/sources_1/imports/VivadoProjects/project_3rd_lab.srcs/sources_1/new/VGA_pattern_ex_2.v">
      <FileInfo>
        <Attr Name="ImportPath" Val="$PPRDIR/project_3rd_lab.srcs/sources_1/new/VGA_pattern_ex_2.v"/>
        <Attr Name="ImportTime" Val="1637941088"/>
        <Attr Name="UsedIn" Val="synthesis"/>
        <Attr Name="UsedIn" Val="implementation"/>
        <Attr Name="UsedIn" Val="simulation"/>
      </FileInfo>
    </File>
    <File Path="$PSRCDIR/sources_1/bd/final_design/final_design.bd">
      <FileInfo>
        <Attr Name="ImportPath" Val="$PPRDIR/fin_project.srcs/sources_1/bd/final_design/final_design.bd"/>
        <Attr Name="ImportTime" Val="1638813270"/>
        <Attr Name="UsedIn" Val="synthesis"/>
        <Attr Name="UsedIn" Val="implementation"/>
        <Attr Name="UsedIn" Val="simulation"/>
      </FileInfo>
    </File>
    <File Path="$PSRCDIR/sources_1/bd/final_design/hdl/final_design_wrapper.v">
      <FileInfo>
        <Attr Name="ImportPath" Val="$PPRDIR/fin_project.srcs/sources_1/bd/final_design/hdl/final_design_wrapper.v"/>
        <Attr Name="ImportTime" Val="1638813272"/>
        <Attr Name="UsedIn" Val="synthesis"/>
        <Attr Name="UsedIn" Val="implementation"/>
        <Attr Name="UsedIn" Val="simulation"/>
      </FileInfo>
    </File>
    <File Path="$PSRCDIR/sources_1/imports/VivadoProjects/project_3rd_lab.srcs/sources_1/imports/Downloads/chars.mem">
      <FileInfo>
        <Attr Name="ImportPath" Val="$PPRDIR/project_3rd_lab.srcs/sources_1/imports/Downloads/chars.mem"/>
        <Attr Name="ImportTime" Val="1636704583"/>
        <Attr Name="UsedIn" Val="synthesis"/>
        <Attr Name="UsedIn" Val="simulation"/>
      </FileInfo>
    </File>
    <File Path="$PSRCDIR/sources_1/imports/VivadoProjects/project_3rd_lab.srcs/sources_1/imports/Downloads/on_screen.mem">
      <FileInfo>
        <Attr Name="ImportPath" Val="$PPRDIR/fin_project.srcs/sources_1/imports/VivadoProjects/project_3rd_lab.srcs/sources_1/imports/Downloads/on_screen.mem"/>
        <Attr Name="ImportTime" Val="1638602293"/>
        <Attr Name="UsedIn" Val="synthesis"/>
        <Attr Name="UsedIn" Val="simulation"/>
      </FileInfo>
    </File>
    <Config>
      <Option Name="DesignMode" Val="RTL"/>
      <Option Name="TopModule" Val="final_design_wrapper"/>
    </Config>
  </FileSet>
  <FileSet Name="constrs_in" Type="Constrs" RelSrcDir="$PSRCDIR/constrs_1">
    <Filter Type="Constrs"/>
    <File Path="$PSRCDIR/constrs_1/imports/A.0/PYNQ-Z2 v1.0.xdc">
      <FileInfo>
        <Attr Name="ImportPath" Val="$PPRDIR/project_3rd_lab.srcs/constrs_1/imports/A.0/PYNQ-Z2 v1.0.xdc"/>
        <Attr Name="ImportTime" Val="1635494601"/>
        <Attr Name="UsedIn" Val="synthesis"/>
        <Attr Name="UsedIn" Val="implementation"/>
      </FileInfo>
    </File>
    <Config>
      <Option Name="ConstrsType" Val="XDC"/>
    </Config>
  </FileSet>
  <FileSet Name="utils" Type="Utils" RelSrcDir="$PSRCDIR/utils_1">
    <Filter Type="Utils"/>
    <Config>
      <Option Name="TopAutoSet" Val="TRUE"/>
    </Config>
  </FileSet>
  <Strategy Version="1" Minor="2">
    <StratHandle Name="Vivado Synthesis Defaults" Flow="Vivado Synthesis 2020"/>
    <Step Id="synth_design"/>
  </Strategy>
  <BlockFileSet Type="BlockSrcs" Name="final_design_VGA_pattern_0_0"/>
  <BlockFileSet Type="BlockSrcs" Name="final_design_AsciiCharsMem_0_0"/>
  <BlockFileSet Type="BlockSrcs" Name="final_design_Debounce_Switch_0_0"/>
  <BlockFileSet Type="BlockSrcs" Name="final_design_VGA_timings_0_0"/>
  <BlockFileSet Type="BlockSrcs" Name="final_design_clk_wiz_0_0"/>
  <BlockFileSet Type="BlockSrcs" Name="final_design_Debounce_Switch_1_0"/>
  <BlockFileSet Type="BlockSrcs" Name="final_design_Debounce_Switch_2_1"/>
  <BlockFileSet Type="BlockSrcs" Name="final_design_Debounce_Switch_3_0"/>
  <BlockFileSet Type="BlockSrcs" Name="final_design_Debounce_Switch_4_0"/>
  <BlockFileSet Type="BlockSrcs" Name="final_design_num_capture_4bit_0_0"/>
</GenRun>
