<?xml version="1.0" encoding="UTF-8"?>
<GenRun Id="impl_1" LaunchPart="xc7z020clg400-1" LaunchTime="1639148016">
  <File Type="BITSTR-BMM" Name="final_design_wrapper_bd.bmm"/>
  <File Type="OPT-METHODOLOGY-DRC" Name="final_design_wrapper_methodology_drc_opted.rpt"/>
  <File Type="INIT-TIMING" Name="final_design_wrapper_timing_summary_init.rpt"/>
  <File Type="ROUTE-PWR" Name="final_design_wrapper_power_routed.rpt"/>
  <File Type="PA-TCL" Name="final_design_wrapper.tcl"/>
  <File Type="OPT-TIMING" Name="final_design_wrapper_timing_summary_opted.rpt"/>
  <File Type="OPT-DCP" Name="final_design_wrapper_opt.dcp"/>
  <File Type="ROUTE-PWR-SUM" Name="final_design_wrapper_power_summary_routed.pb"/>
  <File Type="REPORTS-TCL" Name="final_design_wrapper_reports.tcl"/>
  <File Type="OPT-DRC" Name="final_design_wrapper_drc_opted.rpt"/>
  <File Type="OPT-HWDEF" Name="final_design_wrapper.hwdef"/>
  <File Type="PWROPT-DCP" Name="final_design_wrapper_pwropt.dcp"/>
  <File Type="PWROPT-DRC" Name="final_design_wrapper_drc_pwropted.rpt"/>
  <File Type="PWROPT-TIMING" Name="final_design_wrapper_timing_summary_pwropted.rpt"/>
  <File Type="PLACE-DCP" Name="final_design_wrapper_placed.dcp"/>
  <File Type="PLACE-IO" Name="final_design_wrapper_io_placed.rpt"/>
  <File Type="PLACE-CLK" Name="final_design_wrapper_clock_utilization_placed.rpt"/>
  <File Type="PLACE-UTIL" Name="final_design_wrapper_utilization_placed.rpt"/>
  <File Type="PLACE-UTIL-PB" Name="final_design_wrapper_utilization_placed.pb"/>
  <File Type="PLACE-CTRL" Name="final_design_wrapper_control_sets_placed.rpt"/>
  <File Type="PLACE-SIMILARITY" Name="final_design_wrapper_incremental_reuse_placed.rpt"/>
  <File Type="PLACE-PRE-SIMILARITY" Name="final_design_wrapper_incremental_reuse_pre_placed.rpt"/>
  <File Type="PLACE-TIMING" Name="final_design_wrapper_timing_summary_placed.rpt"/>
  <File Type="POSTPLACE-PWROPT-DCP" Name="final_design_wrapper_postplace_pwropt.dcp"/>
  <File Type="BG-BIN" Name="final_design_wrapper.bin"/>
  <File Type="POSTPLACE-PWROPT-TIMING" Name="final_design_wrapper_timing_summary_postplace_pwropted.rpt"/>
  <File Type="PHYSOPT-DCP" Name="final_design_wrapper_physopt.dcp"/>
  <File Type="PHYSOPT-DRC" Name="final_design_wrapper_drc_physopted.rpt"/>
  <File Type="BITSTR-MSK" Name="final_design_wrapper.msk"/>
  <File Type="PHYSOPT-TIMING" Name="final_design_wrapper_timing_summary_physopted.rpt"/>
  <File Type="ROUTE-ERROR-DCP" Name="final_design_wrapper_routed_error.dcp"/>
  <File Type="ROUTE-DCP" Name="final_design_wrapper_routed.dcp"/>
  <File Type="ROUTE-BLACKBOX-DCP" Name="final_design_wrapper_routed_bb.dcp"/>
  <File Type="ROUTE-DRC" Name="final_design_wrapper_drc_routed.rpt"/>
  <File Type="ROUTE-DRC-PB" Name="final_design_wrapper_drc_routed.pb"/>
  <File Type="ROUTE-DRC-RPX" Name="final_design_wrapper_drc_routed.rpx"/>
  <File Type="BITSTR-MMI" Name="final_design_wrapper.mmi"/>
  <File Type="ROUTE-METHODOLOGY-DRC" Name="final_design_wrapper_methodology_drc_routed.rpt"/>
  <File Type="ROUTE-METHODOLOGY-DRC-RPX" Name="final_design_wrapper_methodology_drc_routed.rpx"/>
  <File Type="ROUTE-METHODOLOGY-DRC-PB" Name="final_design_wrapper_methodology_drc_routed.pb"/>
  <File Type="ROUTE-PWR-RPX" Name="final_design_wrapper_power_routed.rpx"/>
  <File Type="ROUTE-STATUS" Name="final_design_wrapper_route_status.rpt"/>
  <File Type="ROUTE-STATUS-PB" Name="final_design_wrapper_route_status.pb"/>
  <File Type="ROUTE-TIMINGSUMMARY" Name="final_design_wrapper_timing_summary_routed.rpt"/>
  <File Type="ROUTE-TIMING-PB" Name="final_design_wrapper_timing_summary_routed.pb"/>
  <File Type="ROUTE-TIMING-RPX" Name="final_design_wrapper_timing_summary_routed.rpx"/>
  <File Type="ROUTE-SIMILARITY" Name="final_design_wrapper_incremental_reuse_routed.rpt"/>
  <File Type="ROUTE-CLK" Name="final_design_wrapper_clock_utilization_routed.rpt"/>
  <File Type="ROUTE-BUS-SKEW" Name="final_design_wrapper_bus_skew_routed.rpt"/>
  <File Type="ROUTE-BUS-SKEW-PB" Name="final_design_wrapper_bus_skew_routed.pb"/>
  <File Type="ROUTE-BUS-SKEW-RPX" Name="final_design_wrapper_bus_skew_routed.rpx"/>
  <File Type="POSTROUTE-PHYSOPT-DCP" Name="final_design_wrapper_postroute_physopt.dcp"/>
  <File Type="POSTROUTE-PHYSOPT-BLACKBOX-DCP" Name="final_design_wrapper_postroute_physopt_bb.dcp"/>
  <File Type="POSTROUTE-PHYSOPT-TIMING" Name="final_design_wrapper_timing_summary_postroute_physopted.rpt"/>
  <File Type="POSTROUTE-PHYSOPT-TIMING-PB" Name="final_design_wrapper_timing_summary_postroute_physopted.pb"/>
  <File Type="POSTROUTE-PHYSOPT-TIMING-RPX" Name="final_design_wrapper_timing_summary_postroute_physopted.rpx"/>
  <File Type="POSTROUTE-PHYSOPT-BUS-SKEW" Name="final_design_wrapper_bus_skew_postroute_physopted.rpt"/>
  <File Type="POSTROUTE-PHYSOPT-BUS-SKEW-PB" Name="final_design_wrapper_bus_skew_postroute_physopted.pb"/>
  <File Type="BG-BIT" Name="final_design_wrapper.bit"/>
  <File Type="POSTROUTE-PHYSOPT-BUS-SKEW-RPX" Name="final_design_wrapper_bus_skew_postroute_physopted.rpx"/>
  <File Type="BITSTR-RBT" Name="final_design_wrapper.rbt"/>
  <File Type="BITSTR-NKY" Name="final_design_wrapper.nky"/>
  <File Type="PDI-FILE" Name="final_design_wrapper.pdi"/>
  <File Type="RCFI_FILE" Name="final_design_wrapper.rcfi"/>
  <File Type="CFI_FILE" Name="final_design_wrapper.cfi"/>
  <File Type="RNPI_FILE" Name="final_design_wrapper.rnpi"/>
  <File Type="NPI_FILE" Name="final_design_wrapper.npi"/>
  <File Type="RBD_FILE" Name="final_design_wrapper.rbd"/>
  <File Type="BITSTR-LTX" Name="debug_nets.ltx"/>
  <File Type="BITSTR-LTX" Name="final_design_wrapper.ltx"/>
  <File Type="BITSTR-SYSDEF" Name="final_design_wrapper.sysdef"/>
  <File Type="BG-BGN" Name="final_design_wrapper.bgn"/>
  <File Type="BG-DRC" Name="final_design_wrapper.drc"/>
  <File Type="RDI-RDI" Name="final_design_wrapper.vdi"/>
  <File Type="WBT-USG" Name="usage_statistics_webtalk.html"/>
  <FileSet Name="sources" Type="DesignSrcs" RelSrcDir="$PSRCDIR/sources_1">
    <Filter Type="Srcs"/>
    <File Path="$PSRCDIR/sources_1/imports/VivadoProjects/project_4th.srcs/sources_1/new/Debounce_Switch.v">
      <FileInfo>
        <Attr Name="ImportPath" Val="$PPRDIR/project_4th.srcs/sources_1/new/Debounce_Switch.v"/>
        <Attr Name="ImportTime" Val="1636732595"/>
        <Attr Name="UsedIn" Val="synthesis"/>
        <Attr Name="UsedIn" Val="implementation"/>
        <Attr Name="UsedIn" Val="simulation"/>
      </FileInfo>
    </File>
    <File Path="$PSRCDIR/sources_1/imports/VivadoProjects/project_4th.srcs/sources_1/new/num_capture_4bit.v">
      <FileInfo>
        <Attr Name="ImportPath" Val="$PPRDIR/project_4th.srcs/sources_1/new/num_capture_4bit.v"/>
        <Attr Name="ImportTime" Val="1637910377"/>
        <Attr Name="UsedIn" Val="synthesis"/>
        <Attr Name="UsedIn" Val="implementation"/>
        <Attr Name="UsedIn" Val="simulation"/>
      </FileInfo>
    </File>
    <File Path="$PSRCDIR/sources_1/imports/VivadoProjects/project_3rd_lab.srcs/sources_1/imports/Downloads/AsciiCharsMem.v">
      <FileInfo>
        <Attr Name="ImportPath" Val="$PPRDIR/project_3rd_lab.srcs/sources_1/imports/Downloads/AsciiCharsMem.v"/>
        <Attr Name="ImportTime" Val="1636704269"/>
        <Attr Name="UsedIn" Val="synthesis"/>
        <Attr Name="UsedIn" Val="implementation"/>
        <Attr Name="UsedIn" Val="simulation"/>
      </FileInfo>
    </File>
    <File Path="$PSRCDIR/sources_1/imports/VivadoProjects/project_3rd_lab.srcs/sources_1/new/ScreenBufferMem_ex_2.v">
      <FileInfo>
        <Attr Name="ImportPath" Val="$PPRDIR/project_3rd_lab.srcs/sources_1/new/ScreenBufferMem_ex_2.v"/>
        <Attr Name="ImportTime" Val="1636705843"/>
        <Attr Name="UsedIn" Val="synthesis"/>
        <Attr Name="UsedIn" Val="implementation"/>
        <Attr Name="UsedIn" Val="simulation"/>
      </FileInfo>
    </File>
    <File Path="$PSRCDIR/sources_1/imports/VivadoProjects/project_3rd_lab.srcs/sources_1/imports/new/VGA_timings.v">
      <FileInfo>
        <Attr Name="ImportPath" Val="$PPRDIR/project_3rd_lab.srcs/sources_1/imports/new/VGA_timings.v"/>
        <Attr Name="ImportTime" Val="1635450483"/>
        <Attr Name="UsedIn" Val="synthesis"/>
        <Attr Name="UsedIn" Val="implementation"/>
        <Attr Name="UsedIn" Val="simulation"/>
      </FileInfo>
    </File>
    <File Path="$PSRCDIR/sources_1/imports/VivadoProjects/project_3rd_lab.srcs/sources_1/new/VGA_pattern_ex_2.v">
      <FileInfo>
        <Attr Name="ImportPath" Val="$PPRDIR/project_3rd_lab.srcs/sources_1/new/VGA_pattern_ex_2.v"/>
        <Attr Name="ImportTime" Val="1637941088"/>
        <Attr Name="UsedIn" Val="synthesis"/>
        <Attr Name="UsedIn" Val="implementation"/>
        <Attr Name="UsedIn" Val="simulation"/>
      </FileInfo>
    </File>
    <File Path="$PSRCDIR/sources_1/bd/final_design/final_design.bd">
      <FileInfo>
        <Attr Name="ImportPath" Val="$PPRDIR/fin_project.srcs/sources_1/bd/final_design/final_design.bd"/>
        <Attr Name="ImportTime" Val="1638813270"/>
        <Attr Name="UsedIn" Val="synthesis"/>
        <Attr Name="UsedIn" Val="implementation"/>
        <Attr Name="UsedIn" Val="simulation"/>
      </FileInfo>
    </File>
    <File Path="$PSRCDIR/sources_1/bd/final_design/hdl/final_design_wrapper.v">
      <FileInfo>
        <Attr Name="ImportPath" Val="$PPRDIR/fin_project.srcs/sources_1/bd/final_design/hdl/final_design_wrapper.v"/>
        <Attr Name="ImportTime" Val="1638813272"/>
        <Attr Name="UsedIn" Val="synthesis"/>
        <Attr Name="UsedIn" Val="implementation"/>
        <Attr Name="UsedIn" Val="simulation"/>
      </FileInfo>
    </File>
    <File Path="$PSRCDIR/sources_1/imports/VivadoProjects/project_3rd_lab.srcs/sources_1/imports/Downloads/chars.mem">
      <FileInfo>
        <Attr Name="ImportPath" Val="$PPRDIR/project_3rd_lab.srcs/sources_1/imports/Downloads/chars.mem"/>
        <Attr Name="ImportTime" Val="1636704583"/>
        <Attr Name="UsedIn" Val="synthesis"/>
        <Attr Name="UsedIn" Val="simulation"/>
      </FileInfo>
    </File>
    <File Path="$PSRCDIR/sources_1/imports/VivadoProjects/project_3rd_lab.srcs/sources_1/imports/Downloads/on_screen.mem">
      <FileInfo>
        <Attr Name="ImportPath" Val="$PPRDIR/fin_project.srcs/sources_1/imports/VivadoProjects/project_3rd_lab.srcs/sources_1/imports/Downloads/on_screen.mem"/>
        <Attr Name="ImportTime" Val="1638602293"/>
        <Attr Name="UsedIn" Val="synthesis"/>
        <Attr Name="UsedIn" Val="simulation"/>
      </FileInfo>
    </File>
    <Config>
      <Option Name="DesignMode" Val="RTL"/>
      <Option Name="TopModule" Val="final_design_wrapper"/>
    </Config>
  </FileSet>
  <FileSet Name="constrs_in" Type="Constrs" RelSrcDir="$PSRCDIR/constrs_1">
    <Filter Type="Constrs"/>
    <File Path="$PSRCDIR/constrs_1/imports/A.0/PYNQ-Z2 v1.0.xdc">
      <FileInfo>
        <Attr Name="ImportPath" Val="$PPRDIR/project_3rd_lab.srcs/constrs_1/imports/A.0/PYNQ-Z2 v1.0.xdc"/>
        <Attr Name="ImportTime" Val="1635494601"/>
        <Attr Name="UsedIn" Val="synthesis"/>
        <Attr Name="UsedIn" Val="implementation"/>
      </FileInfo>
    </File>
    <Config>
      <Option Name="ConstrsType" Val="XDC"/>
    </Config>
  </FileSet>
  <FileSet Name="utils" Type="Utils" RelSrcDir="$PSRCDIR/utils_1">
    <Filter Type="Utils"/>
    <Config>
      <Option Name="TopAutoSet" Val="TRUE"/>
    </Config>
  </FileSet>
  <Strategy Version="1" Minor="2">
    <StratHandle Name="Vivado Implementation Defaults" Flow="Vivado Implementation 2020"/>
    <Step Id="init_design"/>
    <Step Id="opt_design"/>
    <Step Id="power_opt_design"/>
    <Step Id="place_design"/>
    <Step Id="post_place_power_opt_design"/>
    <Step Id="phys_opt_design"/>
    <Step Id="route_design"/>
    <Step Id="post_route_phys_opt_design"/>
    <Step Id="write_bitstream"/>
  </Strategy>
  <BlockFileSet Type="BlockSrcs" Name="final_design_VGA_pattern_0_0"/>
  <BlockFileSet Type="BlockSrcs" Name="final_design_AsciiCharsMem_0_0"/>
  <BlockFileSet Type="BlockSrcs" Name="final_design_Debounce_Switch_0_0"/>
  <BlockFileSet Type="BlockSrcs" Name="final_design_VGA_timings_0_0"/>
  <BlockFileSet Type="BlockSrcs" Name="final_design_clk_wiz_0_0"/>
  <BlockFileSet Type="BlockSrcs" Name="final_design_Debounce_Switch_1_0"/>
  <BlockFileSet Type="BlockSrcs" Name="final_design_Debounce_Switch_2_1"/>
  <BlockFileSet Type="BlockSrcs" Name="final_design_Debounce_Switch_3_0"/>
  <BlockFileSet Type="BlockSrcs" Name="final_design_Debounce_Switch_4_0"/>
  <BlockFileSet Type="BlockSrcs" Name="final_design_num_capture_4bit_0_0"/>
</GenRun>
